Date,Open,High,Low,Close,Volume,Dividends,Stock Splits,thscode,thsname_cn,thsname_en,currency
2025-08-21T04:00:00.000Z,3349.3999023438,3349.3999023438,3326.5,3336.8999023438,142,0.0,0.0,GC=F,NA,NA,USD
2025-08-22T04:00:00.000Z,3349.3999023438,3377.6999511719,3349.3999023438,3374.3999023438,1240,0.0,0.0,GC=F,NA,NA,USD
2025-08-25T04:00:00.000Z,3366.0,3378.0,3366.0,3373.8000488281,1044,0.0,0.0,GC=F,NA,NA,USD
2025-08-26T04:00:00.000Z,3378.8999023438,3396.5,3371.1000976562,3388.6000976562,905,0.0,0.0,GC=F,NA,NA,USD
2025-08-27T04:00:00.000Z,3397.0,3404.6000976562,3382.0,3404.6000976562,3222,0.0,0.0,GC=F,NA,NA,USD
2025-08-28T04:00:00.000Z,3409.0,3434.6000976562,3400.0,3431.8000488281,1035,0.0,0.0,GC=F,NA,NA,USD
2025-08-29T04:00:00.000Z,3432.5,3475.6000976562,3426.6000976562,3473.6999511719,0,0.0,0.0,GC=F,NA,NA,USD
2025-09-02T04:00:00.000Z,3485.6999511719,3559.1999511719,3485.6999511719,3549.3999023438,658,0.0,0.0,GC=F,NA,NA,USD
2025-09-03T04:00:00.000Z,3554.8000488281,3593.6999511719,3553.1999511719,3593.1999511719,72,0.0,0.0,GC=F,NA,NA,USD
2025-09-04T04:00:00.000Z,3549.8999023438,3573.6000976562,3549.8999023438,3565.8000488281,237,0.0,0.0,GC=F,NA,NA,USD
2025-09-05T04:00:00.000Z,3567.8000488281,3613.1999511719,3567.8000488281,3613.1999511719,925,0.0,0.0,GC=F,NA,NA,USD
2025-09-08T04:00:00.000Z,3594.5,3641.0,3590.0,3638.1000976562,97,0.0,0.0,GC=F,NA,NA,USD
2025-09-09T04:00:00.000Z,3647.1000976562,3670.3999023438,3627.8000488281,3643.3000488281,535,0.0,0.0,GC=F,NA,NA,USD
2025-09-10T04:00:00.000Z,3625.0,3655.3999023438,3620.8000488281,3643.6000976562,136,0.0,0.0,GC=F,NA,NA,USD
2025-09-11T04:00:00.000Z,3632.8999023438,3636.8999023438,3618.3999023438,3636.8999023438,307,0.0,0.0,GC=F,NA,NA,USD
2025-09-12T04:00:00.000Z,3655.5,3656.8000488281,3643.0,3649.3999023438,1300,0.0,0.0,GC=F,NA,NA,USD
2025-09-15T04:00:00.000Z,3640.0,3686.3999023438,3635.1000976562,3682.1999511719,210,0.0,0.0,GC=F,NA,NA,USD
2025-09-16T04:00:00.000Z,3681.3999023438,3698.6000976562,3681.3999023438,3688.8999023438,373,0.0,0.0,GC=F,NA,NA,USD
2025-09-17T04:00:00.000Z,3669.0,3685.1999511719,3661.6000976562,3681.8000488281,183,0.0,0.0,GC=F,NA,NA,USD
2025-09-18T04:00:00.000Z,3654.6000976562,3667.3999023438,3637.0,3643.6999511719,80,0.0,0.0,GC=F,NA,NA,USD
2025-09-19T04:00:00.000Z,3659.0,3685.8999023438,3658.1999511719,3671.5,211,0.0,0.0,GC=F,NA,NA,USD
2025-09-22T04:00:00.000Z,3688.1999511719,3748.1999511719,3688.0,3740.6999511719,410,0.0,0.0,GC=F,NA,NA,USD
2025-09-23T04:00:00.000Z,3747.0,3786.0,3740.0,3780.6000976562,627,0.0,0.0,GC=F,NA,NA,USD
2025-09-24T04:00:00.000Z,3769.8000488281,3772.5,3732.1000976562,3732.1000976562,588,0.0,0.0,GC=F,NA,NA,USD
2025-09-25T04:00:00.000Z,3742.8000488281,3756.0,3724.6999511719,3736.8999023438,1899,0.0,0.0,GC=F,NA,NA,USD
2025-09-26T04:00:00.000Z,3775.3000488281,3775.3000488281,3775.3000488281,3775.3000488281,19308,0.0,0.0,GC=F,NA,NA,USD
2025-09-29T04:00:00.000Z,3754.8000488281,3827.6000976562,3754.8000488281,3820.8999023438,8860,0.0,0.0,GC=F,NA,NA,USD
2025-09-30T04:00:00.000Z,3827.5,3865.5,3793.3999023438,3840.8000488281,1611,0.0,0.0,GC=F,NA,NA,USD
2025-10-01T04:00:00.000Z,3863.5,3891.8999023438,3853.3000488281,3867.5,1778,0.0,0.0,GC=F,NA,NA,USD
2025-10-02T04:00:00.000Z,3856.1999511719,3888.6000976562,3823.6999511719,3839.6999511719,3418,0.0,0.0,GC=F,NA,NA,USD
2025-10-03T04:00:00.000Z,3855.1999511719,3886.8000488281,3853.6999511719,3880.8000488281,392,0.0,0.0,GC=F,NA,NA,USD
2025-10-06T04:00:00.000Z,3931.3000488281,3960.0,3926.8000488281,3948.5,1267,0.0,0.0,GC=F,NA,NA,USD
2025-10-07T04:00:00.000Z,3959.3999023438,3981.5,3940.0,3976.6000976562,2903,0.0,0.0,GC=F,NA,NA,USD
2025-10-08T04:00:00.000Z,3987.1999511719,4049.1999511719,3987.1999511719,4043.3000488281,2179,0.0,0.0,GC=F,NA,NA,USD
2025-10-09T04:00:00.000Z,4011.1999511719,4046.1999511719,3940.0,3946.3000488281,3130,0.0,0.0,GC=F,NA,NA,USD
2025-10-10T04:00:00.000Z,3957.0,4012.0,3945.5,3975.8999023438,1697,0.0,0.0,GC=F,NA,NA,USD
2025-10-13T04:00:00.000Z,4016.0,4111.0,4016.0,4108.6000976562,1697,0.0,0.0,GC=F,NA,NA,USD
2025-10-14T04:00:00.000Z,4131.7001953125,4160.1000976562,4085.8000488281,4138.7001953125,2424,0.0,0.0,GC=F,NA,NA,USD
2025-10-15T04:00:00.000Z,4145.0,4210.6000976562,4145.0,4176.8999023438,3287,0.0,0.0,GC=F,NA,NA,USD
2025-10-16T04:00:00.000Z,4198.7998046875,4307.0,4196.6000976562,4280.2001953125,4705,0.0,0.0,GC=F,NA,NA,USD
2025-10-17T04:00:00.000Z,4354.7001953125,4358.0,4182.2001953125,4189.8999023438,4060,0.0,0.0,GC=F,NA,NA,USD
2025-10-20T04:00:00.000Z,4244.1000976562,4356.6000976562,4214.6000976562,4336.3999023438,1750,0.0,0.0,GC=F,NA,NA,USD
2025-10-21T04:00:00.000Z,4332.7001953125,4332.7001953125,4087.6999511719,4087.6999511719,2943,0.0,0.0,GC=F,NA,NA,USD
2025-10-22T04:00:00.000Z,4109.7001953125,4148.5,4006.0,4044.3999023438,1237,0.0,0.0,GC=F,NA,NA,USD
2025-10-23T04:00:00.000Z,4078.3999023438,4136.7998046875,4070.6999511719,4125.5,354,0.0,0.0,GC=F,NA,NA,USD
2025-10-24T04:00:00.000Z,4117.5,4120.6000976562,4074.8999023438,4118.3999023438,123,0.0,0.0,GC=F,NA,NA,USD
2025-10-27T04:00:00.000Z,4060.0,4078.6000976562,3971.3000488281,4001.8999023438,220,0.0,0.0,GC=F,NA,NA,USD
2025-10-28T04:00:00.000Z,3929.6999511719,3966.1999511719,3923.6000976562,3966.1999511719,219,0.0,0.0,GC=F,NA,NA,USD
2025-10-29T04:00:00.000Z,3983.6999511719,3983.6999511719,3983.6999511719,3983.6999511719,1344,0.0,0.0,GC=F,NA,NA,USD
2025-10-30T04:00:00.000Z,3960.0,4027.1999511719,3913.6999511719,4001.3000488281,935,0.0,0.0,GC=F,NA,NA,USD
2025-10-31T04:00:00.000Z,4034.5,4034.5,3976.6000976562,3982.1999511719,559,0.0,0.0,GC=F,NA,NA,USD
2025-11-03T05:00:00.000Z,3976.1999511719,4020.0,3959.0,4000.3000488281,0,0.0,0.0,GC=F,NA,NA,USD
2025-11-04T05:00:00.000Z,3994.1999511719,3995.3999023438,3927.3999023438,3947.6999511719,657,0.0,0.0,GC=F,NA,NA,USD
2025-11-05T05:00:00.000Z,3929.8999023438,3983.5,3929.8999023438,3980.3000488281,559,0.0,0.0,GC=F,NA,NA,USD
2025-11-06T05:00:00.000Z,4004.0,4007.5,3979.8999023438,3979.8999023438,650,0.0,0.0,GC=F,NA,NA,USD
2025-11-07T05:00:00.000Z,3980.8000488281,3999.3999023438,3980.8000488281,3999.3999023438,245,0.0,0.0,GC=F,NA,NA,USD
2025-11-10T05:00:00.000Z,4060.0,4111.7998046875,4060.0,4111.7998046875,189,0.0,0.0,GC=F,NA,NA,USD
2025-11-11T05:00:00.000Z,4140.1000976562,4140.1000976562,4106.7998046875,4106.7998046875,569,0.0,0.0,GC=F,NA,NA,USD
2025-11-12T05:00:00.000Z,4115.6000976562,4204.3999023438,4102.8999023438,4204.3999023438,396,0.0,0.0,GC=F,NA,NA,USD
2025-11-13T05:00:00.000Z,4228.7001953125,4228.7001953125,4163.7001953125,4186.8999023438,167,0.0,0.0,GC=F,NA,NA,USD
2025-11-14T05:00:00.000Z,4197.7001953125,4197.8999023438,4047.0,4087.6000976562,483,0.0,0.0,GC=F,NA,NA,USD
2025-11-17T05:00:00.000Z,4070.0,4099.5,4019.3999023438,4068.3000488281,1552,0.0,0.0,GC=F,NA,NA,USD
2025-11-18T05:00:00.000Z,4037.3999023438,4063.3999023438,4035.6000976562,4061.3000488281,1375,0.0,0.0,GC=F,NA,NA,USD
2025-11-19T05:00:00.000Z,4086.1000976562,4122.7001953125,4072.0,4077.6999511719,486,0.0,0.0,GC=F,NA,NA,USD
2025-11-20T05:00:00.000Z,4045.0,4090.3999023438,4040.1999511719,4056.5,202,0.0,0.0,GC=F,NA,NA,USD
2025-11-21T05:00:00.000Z,4031.8000488281,4085.1999511719,4031.8000488281,4076.6999511719,171,0.0,0.0,GC=F,NA,NA,USD
2025-11-24T05:00:00.000Z,4060.5,4091.8999023438,4060.5,4091.8999023438,591,0.0,0.0,GC=F,NA,NA,USD
2025-11-25T05:00:00.000Z,4139.2001953125,4139.2001953125,4139.2001953125,4139.2001953125,132704,0.0,0.0,GC=F,NA,NA,USD
2025-11-26T05:00:00.000Z,4128.6000976562,4171.0,4127.5,4165.2001953125,25088,0.0,0.0,GC=F,NA,NA,USD
2025-11-28T05:00:00.000Z,4163.3999023438,4223.8999023438,4140.0,4218.2998046875,3615,0.0,0.0,GC=F,NA,NA,USD
2025-12-01T05:00:00.000Z,4218.5,4262.1000976562,4214.8999023438,4239.2998046875,913,0.0,0.0,GC=F,NA,NA,USD
2025-12-02T05:00:00.000Z,4230.5,4230.5,4167.0,4186.6000976562,366,0.0,0.0,GC=F,NA,NA,USD
2025-12-03T05:00:00.000Z,4215.7001953125,4234.1000976562,4195.7001953125,4199.2998046875,1897,0.0,0.0,GC=F,NA,NA,USD
2025-12-04T05:00:00.000Z,4211.0,4211.7998046875,4175.0,4211.7998046875,616,0.0,0.0,GC=F,NA,NA,USD
2025-12-05T05:00:00.000Z,4204.1000976562,4255.7001953125,4194.5,4212.8999023438,533,0.0,0.0,GC=F,NA,NA,USD
2025-12-08T05:00:00.000Z,4205.5,4215.7998046875,4175.5,4187.2001953125,318,0.0,0.0,GC=F,NA,NA,USD
2025-12-09T05:00:00.000Z,4190.7001953125,4219.7001953125,4177.7001953125,4206.7001953125,660,0.0,0.0,GC=F,NA,NA,USD
2025-12-10T05:00:00.000Z,4209.0,4234.5,4183.6000976562,4196.3999023438,692,0.0,0.0,GC=F,NA,NA,USD
2025-12-11T05:00:00.000Z,4224.0,4286.8999023438,4214.2998046875,4285.5,528,0.0,0.0,GC=F,NA,NA,USD
2025-12-12T05:00:00.000Z,4276.3999023438,4355.0,4260.0,4300.1000976562,1531,0.0,0.0,GC=F,NA,NA,USD
2025-12-15T05:00:00.000Z,4308.2998046875,4349.2001953125,4292.8999023438,4306.7001953125,854,0.0,0.0,GC=F,NA,NA,USD
2025-12-16T05:00:00.000Z,4270.5,4321.3999023438,4270.5,4304.5,1796,0.0,0.0,GC=F,NA,NA,USD
2025-12-17T05:00:00.000Z,4308.5,4351.3999023438,4308.5,4347.5,2169,0.0,0.0,GC=F,NA,NA,USD
2025-12-18T05:00:00.000Z,4331.0,4348.1000976562,4328.2001953125,4339.5,705,0.0,0.0,GC=F,NA,NA,USD
2025-12-19T05:00:00.000Z,4350.1000976562,4361.3999023438,4350.1000976562,4361.3999023438,1065,0.0,0.0,GC=F,NA,NA,USD
2025-12-22T05:00:00.000Z,4371.1000976562,4447.6000976562,4371.1000976562,4444.6000976562,449,0.0,0.0,GC=F,NA,NA,USD
2025-12-23T05:00:00.000Z,4503.2998046875,4503.7998046875,4450.3999023438,4482.7998046875,694,0.0,0.0,GC=F,NA,NA,USD
2025-12-24T05:00:00.000Z,4500.7001953125,4503.3999023438,4468.3999023438,4480.6000976562,500,0.0,0.0,GC=F,NA,NA,USD
2025-12-26T05:00:00.000Z,4512.0,4556.2998046875,4502.0,4529.1000976562,263,0.0,0.0,GC=F,NA,NA,USD
2025-12-29T05:00:00.000Z,4371.5,4379.0,4325.1000976562,4325.1000976562,2044,0.0,0.0,GC=F,NA,NA,USD
2025-12-30T05:00:00.000Z,4346.3999023438,4403.6000976562,4338.0,4370.1000976562,1837,0.0,0.0,GC=F,NA,NA,USD
2025-12-31T05:00:00.000Z,4333.5,4363.7998046875,4285.0,4325.6000976562,785,0.0,0.0,GC=F,NA,NA,USD
2026-01-02T05:00:00.000Z,4350.6000976562,4350.6000976562,4314.3999023438,4314.3999023438,589,0.0,0.0,GC=F,NA,NA,USD
2026-01-05T05:00:00.000Z,4386.7001953125,4443.5,4384.7998046875,4436.8999023438,618,0.0,0.0,GC=F,NA,NA,USD
2026-01-06T05:00:00.000Z,4449.7001953125,4482.2001953125,4449.0,4482.2001953125,459,0.0,0.0,GC=F,NA,NA,USD
2026-01-07T05:00:00.000Z,4450.0,4450.0,4449.2998046875,4449.2998046875,972,0.0,0.0,GC=F,NA,NA,USD
2026-01-08T05:00:00.000Z,4460.2001953125,4461.2998046875,4418.0,4449.7001953125,2423,0.0,0.0,GC=F,NA,NA,USD
2026-01-09T05:00:00.000Z,4473.0,4490.2998046875,4473.0,4490.2998046875,237,0.0,0.0,GC=F,NA,NA,USD
2026-01-12T05:00:00.000Z,4579.1000976562,4620.0,4577.7998046875,4604.2998046875,156,0.0,0.0,GC=F,NA,NA,USD
2026-01-13T05:00:00.000Z,4578.6000976562,4617.1000976562,4578.6000976562,4589.2001953125,239,0.0,0.0,GC=F,NA,NA,USD
2026-01-14T05:00:00.000Z,4610.2998046875,4635.0,4608.2001953125,4626.2998046875,1313,0.0,0.0,GC=F,NA,NA,USD
2026-01-15T05:00:00.000Z,4612.8999023438,4616.2998046875,4612.8999023438,4616.2998046875,4358,0.0,0.0,GC=F,NA,NA,USD
2026-01-16T05:00:00.000Z,4608.0,4608.0,4588.3999023438,4588.3999023438,352,0.0,0.0,GC=F,NA,NA,USD
2026-01-20T05:00:00.000Z,4662.2001953125,4764.0,4661.7998046875,4759.6000976562,175,0.0,0.0,GC=F,NA,NA,USD
2026-01-21T05:00:00.000Z,4863.5,4872.2998046875,4771.5,4831.7998046875,1706,0.0,0.0,GC=F,NA,NA,USD
2026-01-22T05:00:00.000Z,4791.8999023438,4908.7998046875,4791.8999023438,4908.7998046875,1175,0.0,0.0,GC=F,NA,NA,USD
2026-01-23T05:00:00.000Z,4949.6000976562,4976.2001953125,4936.0,4976.2001953125,169,0.0,0.0,GC=F,NA,NA,USD
2026-01-26T05:00:00.000Z,5081.5,5095.6000976562,5052.2001953125,5079.7001953125,180,0.0,0.0,GC=F,NA,NA,USD
2026-01-27T05:00:00.000Z,5079.8999023438,5079.8999023438,5079.8999023438,5079.8999023438,34,0.0,0.0,GC=F,NA,NA,USD
2026-01-28T05:00:00.000Z,5301.6000976562,5301.6000976562,5301.6000976562,5301.6000976562,112054,0.0,0.0,GC=F,NA,NA,USD
2026-01-29T05:00:00.000Z,5415.7001953125,5586.2001953125,5097.5,5318.3999023438,23709,0.0,0.0,GC=F,NA,NA,USD
2026-01-30T05:00:00.000Z,5376.3999023438,5440.5,4700.0,4713.8999023438,8374,0.0,0.0,GC=F,NA,NA,USD
2026-02-02T05:00:00.000Z,4807.7001953125,4855.7998046875,4400.0,4622.5,3588,0.0,0.0,GC=F,NA,NA,USD
2026-02-03T05:00:00.000Z,4680.0,4984.6000976562,4674.2998046875,4903.7001953125,1213,0.0,0.0,GC=F,NA,NA,USD
2026-02-04T05:00:00.000Z,4923.2998046875,5082.2001953125,4897.8999023438,4920.3999023438,3886,0.0,0.0,GC=F,NA,NA,USD
2026-02-05T05:00:00.000Z,5008.7001953125,5012.2998046875,4786.0,4861.3999023438,793,0.0,0.0,GC=F,NA,NA,USD
2026-02-06T05:00:00.000Z,4762.0,4958.5,4655.0,4951.2001953125,1386,0.0,0.0,GC=F,NA,NA,USD
2026-02-09T05:00:00.000Z,5017.3999023438,5065.7001953125,4979.1000976562,5050.8999023438,170,0.0,0.0,GC=F,NA,NA,USD
2026-02-10T05:00:00.000Z,5013.5,5029.0,5002.7001953125,5003.7998046875,281,0.0,0.0,GC=F,NA,NA,USD
2026-02-11T05:00:00.000Z,5049.8999023438,5111.2998046875,5041.2998046875,5071.6000976562,2681,0.0,0.0,GC=F,NA,NA,USD
2026-02-12T05:00:00.000Z,5060.3999023438,5078.1000976562,4892.0,4923.7001953125,484,0.0,0.0,GC=F,NA,NA,USD
2026-02-13T05:00:00.000Z,4953.0,5043.8999023438,4946.2001953125,5022.0,232,0.0,0.0,GC=F,NA,NA,USD
2026-02-17T05:00:00.000Z,5020.0,5020.0,4847.7998046875,4882.8999023438,540,0.0,0.0,GC=F,NA,NA,USD
2026-02-18T05:00:00.000Z,4872.2001953125,4987.0,4869.5,4986.5,544,0.0,0.0,GC=F,NA,NA,USD
2026-02-19T05:00:00.000Z,5014.7001953125,5014.7001953125,4975.8999023438,4975.8999023438,37,0.0,0.0,GC=F,NA,NA,USD
2026-02-20T05:00:00.000Z,5039.5,5072.7001953125,5039.5,5059.2998046875,134,0.0,0.0,GC=F,NA,NA,USD
2026-02-23T05:00:00.000Z,5120.2998046875,5211.6000976562,5120.2998046875,5204.7001953125,779,0.0,0.0,GC=F,NA,NA,USD
2026-02-24T05:00:00.000Z,5158.7998046875,5159.0,5112.7001953125,5155.7998046875,88,0.0,0.0,GC=F,NA,NA,USD
2026-02-25T05:00:00.000Z,5166.0,5206.3999023438,5166.0,5206.3999023438,1772,0.0,0.0,GC=F,NA,NA,USD
2026-02-26T05:00:00.000Z,5177.2001953125,5199.2001953125,5143.8999023438,5176.5,1520,0.0,0.0,GC=F,NA,NA,USD
2026-02-27T05:00:00.000Z,5186.7001953125,5280.0,5176.7001953125,5230.5,354,0.0,0.0,GC=F,NA,NA,USD
2026-03-02T05:00:00.000Z,5346.6000976562,5405.0,5266.2998046875,5294.3999023438,72,0.0,0.0,GC=F,NA,NA,USD
2026-03-03T05:00:00.000Z,5298.7001953125,5303.7998046875,5023.0,5107.3999023438,1776,0.0,0.0,GC=F,NA,NA,USD
2026-03-04T05:00:00.000Z,5130.7001953125,5180.2001953125,5117.2001953125,5120.2001953125,679,0.0,0.0,GC=F,NA,NA,USD
2026-03-05T05:00:00.000Z,5169.5,5169.5,5054.7001953125,5065.2998046875,1701,0.0,0.0,GC=F,NA,NA,USD
2026-03-06T05:00:00.000Z,5121.0,5146.1000976562,5076.1000976562,5146.1000976562,148,0.0,0.0,GC=F,NA,NA,USD
2026-03-09T04:00:00.000Z,5155.0,5160.6000976562,5077.7001953125,5091.5,639,0.0,0.0,GC=F,NA,NA,USD
2026-03-10T04:00:00.000Z,5138.2001953125,5229.7001953125,5137.6000976562,5229.7001953125,4300,0.0,0.0,GC=F,NA,NA,USD
2026-03-11T04:00:00.000Z,5190.7998046875,5191.2998046875,5167.3999023438,5167.3999023438,633,0.0,0.0,GC=F,NA,NA,USD
2026-03-12T04:00:00.000Z,5137.2001953125,5137.2001953125,5115.7998046875,5115.7998046875,410,0.0,0.0,GC=F,NA,NA,USD
2026-03-13T04:00:00.000Z,5089.6000976562,5117.0,5009.5,5052.5,479,0.0,0.0,GC=F,NA,NA,USD
2026-03-16T04:00:00.000Z,5001.6000976562,5010.6000976562,4994.0,4994.0,130,0.0,0.0,GC=F,NA,NA,USD
2026-03-17T04:00:00.000Z,5017.6000976562,5017.6000976562,4994.2001953125,5001.0,239,0.0,0.0,GC=F,NA,NA,USD
2026-03-18T04:00:00.000Z,4949.6000976562,4949.6000976562,4821.7001953125,4889.8999023438,1461,0.0,0.0,GC=F,NA,NA,USD
2026-03-19T04:00:00.000Z,4830.2998046875,4830.2998046875,4554.0,4600.7001953125,627,0.0,0.0,GC=F,NA,NA,USD
2026-03-20T04:00:00.000Z,4686.8999023438,4686.8999023438,4570.3999023438,4570.3999023438,235,0.0,0.0,GC=F,NA,NA,USD
2026-03-23T04:00:00.000Z,4353.0,4480.3999023438,4100.7998046875,4404.1000976562,544,0.0,0.0,GC=F,NA,NA,USD
2026-03-24T04:00:00.000Z,4338.7001953125,4399.2998046875,4325.2001953125,4399.2998046875,378,0.0,0.0,GC=F,NA,NA,USD
2026-03-25T04:00:00.000Z,4549.0,4551.8999023438,4541.7998046875,4549.7998046875,388,0.0,0.0,GC=F,NA,NA,USD
2026-03-26T04:00:00.000Z,4441.5,4443.1000976562,4375.5,4375.5,1070,0.0,0.0,GC=F,NA,NA,USD
2026-03-27T04:00:00.000Z,4492.0,4492.0,4492.0,4492.0,74348,0.0,0.0,GC=F,NA,NA,USD
2026-03-30T04:00:00.000Z,4482.7998046875,4579.1000976562,4413.3999023438,4526.0,10816,0.0,0.0,GC=F,NA,NA,USD
2026-03-31T04:00:00.000Z,4510.0,4684.1000976562,4508.6000976562,4647.6000976562,4264,0.0,0.0,GC=F,NA,NA,USD
2026-04-01T04:00:00.000Z,4668.3999023438,4789.1000976562,4668.0,4783.2001953125,1637,0.0,0.0,GC=F,NA,NA,USD
2026-04-02T04:00:00.000Z,4764.8999023438,4784.3999023438,4558.8999023438,4651.5,0,0.0,0.0,GC=F,NA,NA,USD
2026-04-06T04:00:00.000Z,4656.1000976562,4689.6000976562,4605.0,4656.7998046875,148,0.0,0.0,GC=F,NA,NA,USD
2026-04-07T04:00:00.000Z,4624.8999023438,4676.2998046875,4608.0,4657.1000976562,327,0.0,0.0,GC=F,NA,NA,USD
2026-04-08T04:00:00.000Z,4760.0,4851.0,4738.7998046875,4749.5,405,0.0,0.0,GC=F,NA,NA,USD
2026-04-09T04:00:00.000Z,4711.0,4799.1000976562,4711.0,4792.2001953125,1277,0.0,0.0,GC=F,NA,NA,USD
2026-04-10T04:00:00.000Z,4745.8999023438,4791.0,4744.8999023438,4761.8999023438,812,0.0,0.0,GC=F,NA,NA,USD
2026-04-13T04:00:00.000Z,4704.0,4742.3999023438,4704.0,4742.3999023438,32,0.0,0.0,GC=F,NA,NA,USD
2026-04-14T04:00:00.000Z,4770.1000976562,4841.6000976562,4770.1000976562,4825.0,288,0.0,0.0,GC=F,NA,NA,USD
2026-04-15T04:00:00.000Z,4843.6000976562,4843.6000976562,4798.0,4800.0,182,0.0,0.0,GC=F,NA,NA,USD
2026-04-16T04:00:00.000Z,4810.8999023438,4810.8999023438,4785.3999023438,4785.3999023438,805,0.0,0.0,GC=F,NA,NA,USD
2026-04-17T04:00:00.000Z,4771.6000976562,4879.7001953125,4767.2001953125,4857.6000976562,1902,0.0,0.0,GC=F,NA,NA,USD
2026-04-20T04:00:00.000Z,4793.8999023438,4811.0,4770.0,4806.6000976562,724,0.0,0.0,GC=F,NA,NA,USD
2026-04-21T04:00:00.000Z,4698.3999023438,4705.0,4676.3999023438,4698.3999023438,1197,0.0,0.0,GC=F,NA,NA,USD
2026-04-22T04:00:00.000Z,4754.2001953125,4754.2001953125,4732.5,4732.5,765,0.0,0.0,GC=F,NA,NA,USD
2026-04-23T04:00:00.000Z,4711.5,4732.3999023438,4705.1000976562,4705.1000976562,292,0.0,0.0,GC=F,NA,NA,USD
2026-04-24T04:00:00.000Z,4695.0,4722.2998046875,4657.5,4722.2998046875,45,0.0,0.0,GC=F,NA,NA,USD
2026-04-27T04:00:00.000Z,4707.6000976562,4711.1000976562,4675.3999023438,4675.3999023438,538,0.0,0.0,GC=F,NA,NA,USD
2026-04-28T04:00:00.000Z,4680.8999023438,4680.8999023438,4591.5,4591.5,2660,0.0,0.0,GC=F,NA,NA,USD
2026-04-29T04:00:00.000Z,4598.6000976562,4601.6000976562,4515.7001953125,4545.2001953125,507,0.0,0.0,GC=F,NA,NA,USD
2026-04-30T04:00:00.000Z,4561.8999023438,4636.7001953125,4561.8999023438,4614.7001953125,77,0.0,0.0,GC=F,NA,NA,USD
2026-05-01T04:00:00.000Z,4636.7001953125,4636.7001953125,4581.7001953125,4629.8999023438,113,0.0,0.0,GC=F,NA,NA,USD
2026-05-04T04:00:00.000Z,4581.2001953125,4581.2001953125,4512.7001953125,4519.5,20,0.0,0.0,GC=F,NA,NA,USD
2026-05-05T04:00:00.000Z,4547.6000976562,4580.5,4547.6000976562,4555.7998046875,426,0.0,0.0,GC=F,NA,NA,USD
2026-05-06T04:00:00.000Z,4663.6000976562,4712.6000976562,4663.6000976562,4681.8999023438,212,0.0,0.0,GC=F,NA,NA,USD
2026-05-07T04:00:00.000Z,4704.7998046875,4736.2001953125,4699.7998046875,4699.7998046875,254,0.0,0.0,GC=F,NA,NA,USD
2026-05-08T04:00:00.000Z,4714.3999023438,4724.7998046875,4713.6000976562,4720.3999023438,120,0.0,0.0,GC=F,NA,NA,USD
2026-05-11T04:00:00.000Z,4729.5,4729.5,4718.7001953125,4718.7001953125,36,0.0,0.0,GC=F,NA,NA,USD
2026-05-12T04:00:00.000Z,4762.2001953125,4765.2001953125,4677.6000976562,4677.6000976562,93,0.0,0.0,GC=F,NA,NA,USD
2026-05-13T04:00:00.000Z,4722.7001953125,4722.7001953125,4679.5,4697.7001953125,228,0.0,0.0,GC=F,NA,NA,USD
2026-05-14T04:00:00.000Z,4678.1000976562,4678.1000976562,4650.2998046875,4678.1000976562,5,0.0,0.0,GC=F,NA,NA,USD
2026-05-15T04:00:00.000Z,4615.2001953125,4615.2001953125,4524.2998046875,4555.7998046875,607,0.0,0.0,GC=F,NA,NA,USD
2026-05-18T04:00:00.000Z,4563.0,4570.2998046875,4538.7001953125,4552.5,38,0.0,0.0,GC=F,NA,NA,USD
2026-05-19T04:00:00.000Z,4551.7001953125,4552.6000976562,4506.2001953125,4506.2998046875,875,0.0,0.0,GC=F,NA,NA,USD
2026-05-20T04:00:00.000Z,4502.6000976562,4531.2998046875,4465.1000976562,4531.2998046875,981,0.0,0.0,GC=F,NA,NA,USD
2026-05-21T04:00:00.000Z,4507.2001953125,4539.7998046875,4503.7998046875,4539.7998046875,426,0.0,0.0,GC=F,NA,NA,USD
2026-05-22T04:00:00.000Z,4519.5,4530.2998046875,4519.1000976562,4521.0,40,0.0,0.0,GC=F,NA,NA,USD
2026-05-26T04:00:00.000Z,4572.7998046875,4572.7998046875,4500.3999023438,4500.3999023438,1261,0.0,0.0,GC=F,NA,NA,USD
2026-05-27T04:00:00.000Z,4439.7001953125,4447.5,4439.7001953125,4447.5,81062,0.0,0.0,GC=F,NA,NA,USD
2026-05-28T04:00:00.000Z,4453.6000976562,4512.6000976562,4363.5,4499.2998046875,16427,0.0,0.0,GC=F,NA,NA,USD
2026-05-29T04:00:00.000Z,4494.0,4591.7998046875,4487.8999023438,4560.5,1883,0.0,0.0,GC=F,NA,NA,USD
2026-06-01T04:00:00.000Z,4523.5,4541.3999023438,4449.7001953125,4475.2001953125,835,0.0,0.0,GC=F,NA,NA,USD
2026-06-02T04:00:00.000Z,4488.0,4529.5,4474.2001953125,4489.1000976562,456,0.0,0.0,GC=F,NA,NA,USD
2026-06-03T04:00:00.000Z,4471.2001953125,4471.7001953125,4427.2001953125,4436.7001953125,2913,0.0,0.0,GC=F,NA,NA,USD
2026-06-04T04:00:00.000Z,4447.3999023438,4509.8999023438,4447.3999023438,4475.7998046875,480,0.0,0.0,GC=F,NA,NA,USD
2026-06-05T04:00:00.000Z,4472.2998046875,4472.2998046875,4319.1000976562,4337.1000976562,4062,0.0,0.0,GC=F,NA,NA,USD
2026-06-08T04:00:00.000Z,4324.2001953125,4340.8999023438,4284.6000976562,4335.8999023438,357,0.0,0.0,GC=F,NA,NA,USD
2026-06-09T04:00:00.000Z,4332.7998046875,4344.5,4240.2001953125,4260.0,1292,0.0,0.0,GC=F,NA,NA,USD
2026-06-10T04:00:00.000Z,4200.0,4206.7001953125,4100.0,4108.2001953125,525,0.0,0.0,GC=F,NA,NA,USD
2026-06-11T04:00:00.000Z,4042.8999023438,4209.7998046875,4031.0,4090.3000488281,1938,0.0,0.0,GC=F,NA,NA,USD
2026-06-12T04:00:00.000Z,4208.2998046875,4225.2998046875,4173.2001953125,4215.0,1167,0.0,0.0,GC=F,NA,NA,USD
2026-06-15T04:00:00.000Z,4271.2001953125,4362.0,4269.1000976562,4328.0,1666,0.0,0.0,GC=F,NA,NA,USD
2026-06-16T04:00:00.000Z,4309.5,4345.7998046875,4309.5,4330.8999023438,158,0.0,0.0,GC=F,NA,NA,USD
2026-06-17T04:00:00.000Z,4339.0,4377.0,4296.0,4358.8999023438,1961,0.0,0.0,GC=F,NA,NA,USD
2026-06-18T04:00:00.000Z,4279.7998046875,4323.2001953125,4223.7001953125,4224.1000976562,738,0.0,0.0,GC=F,NA,NA,USD
2026-06-22T04:00:00.000Z,4138.7998046875,4216.3999023438,4134.7998046875,4181.8999023438,1197,0.0,0.0,GC=F,NA,NA,USD
2026-06-23T04:00:00.000Z,4127.1000976562,4135.2001953125,4118.5,4129.8999023438,252,0.0,0.0,GC=F,NA,NA,USD
2026-06-24T04:00:00.000Z,4104.3999023438,4104.7001953125,3963.3000488281,3990.3000488281,353,0.0,0.0,GC=F,NA,NA,USD
2026-06-25T04:00:00.000Z,3988.3999023438,4030.5,3986.6999511719,4030.5,2724,0.0,0.0,GC=F,NA,NA,USD
2026-06-26T04:00:00.000Z,4078.6999511719,4078.6999511719,4078.6999511719,4078.6999511719,1431,0.0,0.0,GC=F,NA,NA,USD
2026-06-29T04:00:00.000Z,4057.5,4070.0,4003.1999511719,4022.3000488281,785,0.0,0.0,GC=F,NA,NA,USD
2026-06-30T04:00:00.000Z,4002.6000976562,4049.6999511719,3962.5,4022.8999023438,1108,0.0,0.0,GC=F,NA,NA,USD
2026-07-01T04:00:00.000Z,4013.1000976562,4100.0,3963.0,4068.3000488281,770,0.0,0.0,GC=F,NA,NA,USD
2026-07-02T04:00:00.000Z,4067.5,4140.1000976562,4062.0,4112.7001953125,228,0.0,0.0,GC=F,NA,NA,USD
2026-07-06T04:00:00.000Z,4175.3999023438,4199.7001953125,4134.2001953125,4155.1000976562,1024,0.0,0.0,GC=F,NA,NA,USD
2026-07-07T04:00:00.000Z,4126.5,4167.2001953125,4107.2001953125,4145.2998046875,53,0.0,0.0,GC=F,NA,NA,USD
2026-07-08T04:00:00.000Z,4116.2998046875,4120.2998046875,4053.0,4070.8999023438,292,0.0,0.0,GC=F,NA,NA,USD
2026-07-09T04:00:00.000Z,4066.3999023438,4130.6000976562,4064.1999511719,4130.6000976562,13,0.0,0.0,GC=F,NA,NA,USD
2026-07-10T04:00:00.000Z,4122.2998046875,4125.7998046875,4090.6000976562,4104.1000976562,389,0.0,0.0,GC=F,NA,NA,USD
2026-07-13T04:00:00.000Z,4081.0,4081.0,3985.8999023438,3997.0,679,0.0,0.0,GC=F,NA,NA,USD
2026-07-14T04:00:00.000Z,3995.6999511719,4091.1999511719,3986.5,4061.1000976562,1281,0.0,0.0,GC=F,NA,NA,USD
2026-07-15T04:00:00.000Z,4049.1000976562,4070.1000976562,4019.3999023438,4044.0,374,0.0,0.0,GC=F,NA,NA,USD
2026-07-16T04:00:00.000Z,4030.5,4030.5,3972.6000976562,3985.6000976562,812,0.0,0.0,GC=F,NA,NA,USD
2026-07-17T04:00:00.000Z,3975.5,4017.1999511719,3964.1999511719,4012.6999511719,141,0.0,0.0,GC=F,NA,NA,USD
2026-07-20T04:00:00.000Z,4003.3999023438,4018.8999023438,4002.6999511719,4010.3000488281,231,0.0,0.0,GC=F,NA,NA,USD
2026-07-21T04:00:00.000Z,4002.1000976562,4071.1000976562,3999.6999511719,4071.1000976562,87,0.0,0.0,GC=F,NA,NA,USD
2026-07-22T04:00:00.000Z,4096.2001953125,4152.1000976562,4096.2001953125,4146.8999023438,133,0.0,0.0,GC=F,NA,NA,USD
2026-07-23T04:00:00.000Z,4129.8999023438,4130.8999023438,4046.6000976562,4046.6000976562,59,0.0,0.0,GC=F,NA,NA,USD
2026-07-24T04:00:00.000Z,4067.6000976562,4068.0,4067.6000976562,4067.6000976562,2,0.0,0.0,GC=F,NA,NA,USD
2026-07-27T04:00:00.000Z,4090.1000976562,4107.8999023438,4072.6999511719,4074.5,36,0.0,0.0,GC=F,NA,NA,USD
2026-07-28T04:00:00.000Z,4025.6999511719,4036.3000488281,4025.6999511719,4036.3000488281,248,0.0,0.0,GC=F,NA,NA,USD
2026-07-29T04:00:00.000Z,4018.1000976562,4034.6999511719,4017.8999023438,4034.6999511719,89664,0.0,0.0,GC=F,NA,NA,USD
2026-07-30T04:00:00.000Z,4060.6999511719,4118.5,4028.5,4100.1000976562,16985,0.0,0.0,GC=F,NA,NA,USD
2026-07-31T04:00:00.000Z,4102.3999023438,4102.3999023438,4022.3999023438,4049.1000976562,1166,0.0,0.0,GC=F,NA,NA,USD
2026-08-03T04:00:00.000Z,4083.3999023438,4083.5,4026.5,4033.6999511719,698,0.0,0.0,GC=F,NA,NA,USD
2026-08-04T04:00:00.000Z,4050.5,4095.3999023438,4048.8000488281,4095.3999023438,426,0.0,0.0,GC=F,NA,NA,USD
2026-08-05T04:00:00.000Z,4130.0,4262.2001953125,4129.5,4245.7998046875,1349,0.0,0.0,GC=F,NA,NA,USD
2026-08-06T04:00:00.000Z,4297.0,4297.0,4228.0,4242.0,3101,0.0,0.0,GC=F,NA,NA,USD
2026-08-07T04:00:00.000Z,4277.0,4371.5,4274.0,4340.7001953125,422,0.0,0.0,GC=F,NA,NA,USD
2026-08-10T04:00:00.000Z,4336.1000976562,4390.1000976562,4336.1000976562,4361.7998046875,1303,0.0,0.0,GC=F,NA,NA,USD
2026-08-11T04:00:00.000Z,4408.6000976562,4408.6000976562,4365.1000976562,4383.0,204,0.0,0.0,GC=F,NA,NA,USD
2026-08-12T04:00:00.000Z,4406.5,4434.0,4406.2998046875,4408.8999023438,660,0.0,0.0,GC=F,NA,NA,USD
2026-08-13T04:00:00.000Z,4403.5,4445.0,4350.0,4363.6000976562,1491,0.0,0.0,GC=F,NA,NA,USD
2026-08-14T04:00:00.000Z,4322.1000976562,4397.1000976562,4315.0,4380.3999023438,673,0.0,0.0,GC=F,NA,NA,USD
2026-08-17T04:00:00.000Z,4394.7998046875,4428.5,4386.5,4417.7998046875,716,0.0,0.0,GC=F,NA,NA,USD
2026-08-18T04:00:00.000Z,4415.2001953125,4434.1000976562,4330.7001953125,4366.0,1283,0.0,0.0,GC=F,NA,NA,USD
2026-08-19T04:00:00.000Z,4339.7998046875,4524.1000976562,4327.6000976562,4489.3999023438,1336,0.0,0.0,GC=F,NA,NA,USD
2026-08-20T04:00:00.000Z,4506.7998046875,4530.0,4486.0,4516.2998046875,1336,0.0,0.0,GC=F,NA,NA,USD
2026-08-21T04:00:00.000Z,4577.0,4690.2998046875,4565.5,4674.5,171448,0.0,0.0,GC=F,NA,NA,USD
