会话ID,坐席,发送方,消息内容,时间
S001,张小美,客户,你好 我昨天买的连衣裙什么时候发货,2026-07-10 10:02:11
S001,张小美,坐席,亲 您好 帮您查询一下哦,2026-07-10 10:03:05
S001,张小美,坐席,查到了 您的订单今天下午会从杭州仓发出 预计后天到,2026-07-10 10:04:32
S001,张小美,客户,好的 谢谢,2026-07-10 10:05:01
S001,张小美,坐席,不客气 请问还有其他可以帮您的吗,2026-07-10 10:05:20
S001,张小美,客户,没有了,2026-07-10 10:05:45
S001,张小美,坐席,感谢您的咨询 祝您生活愉快,2026-07-10 10:06:02
S002,李强,客户,我要退货 这个质量太差了 才穿一次就起球,2026-07-10 14:20:15
S002,李强,坐席,什么面料都会起球的 这不是质量问题,2026-07-10 14:26:40
S002,李强,客户,你这什么态度 我要投诉你,2026-07-10 14:27:10
S002,李强,坐席,爱投诉投诉去,2026-07-10 14:33:22
S002,李强,客户,把你们主管叫来,2026-07-10 14:33:50
S003,王芳,客户,在吗 我的手机号是13812345678 帮我改一下收货地址,2026-07-11 09:15:00
S003,王芳,客户,在吗？怎么不回,2026-07-11 09:22:30
S003,王芳,坐席,亲 不好意思刚才在忙 这就帮您处理,2026-07-11 09:28:44
S003,王芳,客户,改到朝阳区建国路88号2栋503,2026-07-11 09:29:10
S003,王芳,坐席,好的 已经帮您修改成功了 您核对一下,2026-07-11 09:31:05
S003,王芳,客户,可以了,2026-07-11 09:31:40
S004,李强,客户,这款空调制冷效果怎么样 我家客厅30平够用吗,2026-07-11 16:05:12
S004,李强,坐席,肯定没问题 百分百够用 您放心拍,2026-07-11 16:06:01
S004,李强,客户,那要是不行能退吗,2026-07-11 16:06:33
S004,李强,坐席,这个您找售后去 不归我们管,2026-07-11 16:07:15
S005,张小美,客户,宝贝收到了 但是拉链有点卡 怎么办呀,2026-07-12 11:40:20
S005,张小美,坐席,您别着急 拉链卡顿可以先用铅笔芯涂一下拉链齿试试 大部分情况能解决,2026-07-12 11:41:35
S005,张小美,客户,试了一下好多了 谢谢,2026-07-12 11:48:02
S005,张小美,坐席,太好了 如果后续还有问题随时找我 给您带来不便很抱歉哦,2026-07-12 11:48:30
S005,张小美,客户,没事 服务不错,2026-07-12 11:49:11
S005,张小美,坐席,谢谢您的认可 请问还有其他需要帮助的吗,2026-07-12 11:49:40
S005,张小美,客户,没有了,2026-07-12 11:50:05
