name,IR,q1,q10,spread,slope,trend,agree,n,global,best30,improve,curve
ANOM_SKEW,-0.5496,0.060488638,0.0069966163,-0.05349202,-0.003865117765963078,降,True,67146,0.017790593,0.03360345,0.015812855,+6.0 +2.0 +2.0 +1.6 +1.4 +1.4 +0.9 +0.8 +1.0 +0.7
VWAP55,0.5579,-0.010843514,0.03546733,0.046310846,0.0027690128564383048,升,True,67949,0.01755486,0.023446217,0.0058913566,-1.1 +1.3 +1.7 +2.0 +2.2 +2.5 +2.0 +1.5 +2.0 +3.5
VOLUME59,0.6638,-0.014999705,0.029739188,0.044738892,0.004283629665433458,升,True,67354,0.017676435,0.030170253,0.012493817,-1.5 +0.5 +1.2 +1.7 +1.9 +2.4 +2.5 +2.9 +3.1 +3.0
VWAP31,0.4612,-0.0031185616,0.03932751,0.04244607,0.0036179590800946406,升,True,70314,0.016835708,0.029739201,0.012903493,-0.3 +1.0 +1.0 +1.2 +1.3 +1.8 +2.0 +2.2 +2.8 +3.9
VSUMP60,-0.6536,0.025047997,-0.0077055027,-0.0327535,-0.0036524645447956767,降,True,67146,0.017790593,0.028425189,0.0106345955,+2.5 +3.0 +3.0 +2.6 +2.6 +1.6 +1.5 +1.3 +0.5 -0.8
CORD60,-0.5017,0.036900546,0.0059700445,-0.030930502,-0.0031864458553944566,降,True,67146,0.017790593,0.029666277,0.011875683,+3.7 +2.9 +2.3 +2.1 +1.8 +1.4 +1.3 +1.1 +0.6 +0.6
VOLUME44,0.6812,-0.0053689163,0.025308501,0.030677417,0.0026755848447933346,升,True,69093,0.016920278,0.024070133,0.0071498547,-0.5 +0.9 +1.5 +1.8 +1.8 +2.1 +2.2 +2.2 +2.5 +2.5
CORREL20,-0.6149,0.033227514,0.003092338,-0.030135177,-0.002785699813146935,降,True,70920,0.01714557,0.026730519,0.009584948,+3.3 +2.8 +1.9 +1.9 +1.9 +1.5 +1.2 +1.5 +0.7 +0.3
ANOM_IDIOVOL,-0.4518,0.01608187,-0.013694529,-0.029776398,-0.002488754849852712,降,True,31979,0.007678213,0.013185553,0.00550734,+1.6 +1.4 +0.9 +1.6 +1.1 +0.9 +1.1 +0.3 +0.1 -1.4
Alpha#44,0.8564,0.0037566472,0.03329801,0.02954136,0.0026961097366769203,升,True,70919,0.01714489,0.026577352,0.009432461,+0.4 +1.0 +0.9 +1.4 +1.9 +2.0 +1.6 +1.9 +2.7 +3.3
CS_Momentum,-0.4836,0.017977923,-0.01031845,-0.028296374,-0.0018372901009790818,降,True,67146,0.017790593,0.019262496,0.0014719032,+1.8 +1.6 +2.4 +2.7 +2.2 +2.6 +2.3 +1.8 +1.5 -1.0
GTJA_Alpha109,-0.4157,0.028413964,0.0010492981,-0.027364666,-0.002283892609799901,降,True,70920,0.01714557,0.024270155,0.007124584,+2.8 +2.4 +2.1 +2.0 +1.9 +1.8 +1.3 +1.5 +1.2 +0.1
GTJA_Alpha70,-0.6428,0.035011787,0.008007211,-0.027004577,-0.002851776253770697,降,True,70920,0.01714557,0.028932093,0.011786522,+3.5 +2.7 +2.5 +2.1 +1.5 +1.1 +0.8 +1.4 +0.8 +0.8
GTJA_Alpha132,-0.4349,0.03921323,0.012798773,-0.026414456,-0.002593055028807034,降,True,70920,0.01714557,0.02867726,0.01153169,+3.9 +2.6 +2.1 +1.6 +1.4 +1.3 +1.0 +0.7 +1.1 +1.3
CORD20,-0.5909,0.03369466,0.009187705,-0.024506953,-0.0023978174861633405,降,True,70920,0.01714557,0.026419273,0.009273702,+3.4 +2.1 +2.4 +1.7 +2.0 +1.6 +1.0 +1.0 +1.0 +0.9
VSUMP30,-0.6198,0.02300891,-0.00082239765,-0.023831306,-0.0019512662819276255,降,True,70324,0.016859222,0.022342114,0.0054828916,+2.3 +2.3 +2.1 +2.0 +1.8 +1.9 +1.8 +1.6 +1.2 -0.1
VSUMN30,0.6198,-0.00082239765,0.02300891,0.023831306,0.0019512662819276259,升,True,70324,0.016859222,0.022342114,0.0054828916,-0.1 +1.2 +1.6 +1.8 +1.9 +1.8 +2.0 +2.1 +2.3 +2.3
KLEN,-0.4067,0.021317935,-0.0021389215,-0.023456857,-0.0017522421721933466,降,True,70920,0.01714557,0.020500965,0.003355395,+2.1 +1.9 +2.1 +2.1 +2.2 +2.0 +2.2 +1.4 +1.3 -0.2
Alpha#16,0.9076,0.0016242905,0.02507259,0.0234483,0.0015798435708733675,升,True,70920,0.01714557,0.02129332,0.0041477494,+0.2 +1.6 +1.2 +1.8 +2.3 +1.9 +1.7 +2.1 +1.8 +2.5
VOLUME15,0.5247,0.00067384465,0.023635197,0.022961352,0.001423066602243732,升,True,70920,0.01714557,0.020978032,0.0038324613,+0.1 +1.7 +1.5 +2.0 +2.0 +1.8 +1.7 +2.1 +1.8 +2.4
Alpha#55,0.7118,0.006895441,0.028967686,0.022072244,0.002211418908766725,升,True,70920,0.01714557,0.024728952,0.0075833816,+0.7 +1.1 +1.2 +1.3 +1.6 +1.7 +2.1 +2.0 +2.6 +2.9
GTJA_Alpha176,-0.7118,0.028967686,0.006895441,-0.022072244,-0.0022114189087667243,降,True,70920,0.01714557,0.024728952,0.0075833816,+2.9 +2.6 +2.0 +2.1 +1.7 +1.6 +1.3 +1.2 +1.1 +0.7
CORR10,-0.7478,0.029607112,0.007604415,-0.022002697,-0.0019213567770114454,降,True,70920,0.01714557,0.02360943,0.006463859,+3.0 +2.2 +1.9 +2.0 +1.5 +1.8 +1.7 +1.5 +0.9 +0.8
VOLUME11,0.4928,0.0058480734,0.026478194,0.020630121,0.0018207910950436737,升,True,70920,0.01714557,0.0235118,0.0063662305,+0.6 +1.2 +1.6 +1.6 +1.5 +1.6 +2.0 +2.2 +2.2 +2.6
Alpha#6,0.5255,0.009042408,0.029542856,0.020500448,0.0018236740802725156,升,True,70920,0.01714557,0.023790076,0.006644506,+0.9 +1.1 +1.2 +1.8 +1.6 +1.6 +1.8 +2.0 +2.2 +3.0
VSUMP10,-0.4425,0.026639562,0.0062628826,-0.020376679,-0.0017064299039316897,降,True,70920,0.01714557,0.023761094,0.0066155232,+2.7 +2.2 +2.3 +1.7 +1.7 +1.4 +1.6 +1.5 +1.5 +0.6
GTJA_Alpha74,-0.6191,0.029369025,0.010766236,-0.018602788,-0.0016706095726201024,降,True,65492,0.01910099,0.026020674,0.006919684,+2.9 +2.6 +2.3 +2.0 +1.6 +1.7 +1.6 +1.3 +1.9 +1.1
VOLUME21,0.5888,0.0022964433,0.018517865,0.01622142,0.0009816170289096513,升,True,70490,0.016879646,0.018255249,0.0013756026,+0.2 +1.5 +1.8 +1.9 +2.0 +2.2 +1.8 +2.0 +1.7 +1.9
Alpha#69,0.4642,0.031065555,0.015196084,-0.015869472,-0.0011654590623396814,降,False,70033,0.016958537,0.02162654,0.004668003,+3.1 +1.7 +1.7 +1.8 +1.6 +1.4 +1.4 +1.3 +1.4 +1.5
PLUS_DI14,-0.6341,0.022178894,0.0070133735,-0.015165521,-0.0015102052186248876,降,True,70920,0.01714557,0.02054823,0.0034026597,+2.2 +1.9 +2.1 +2.2 +2.1 +1.7 +1.8 +1.6 +0.9 +0.7
GTJA_Alpha16,0.7115,0.0070992103,0.021705024,0.014605814,0.00111521099214301,升,True,70906,0.017150963,0.020548226,0.0033972636,+0.7 +1.6 +1.5 +1.7 +1.8 +2.1 +1.6 +2.0 +2.0 +2.2
GTJA_Alpha179,-0.6584,0.026144734,0.011579825,-0.014564909,-0.0014421360172105554,降,True,67133,0.01779616,0.02329121,0.005495049,+2.6 +2.3 +2.1 +1.9 +1.9 +1.5 +1.5 +1.4 +1.5 +1.2
WQ_RANK_CORR_OV,0.6291,0.009395254,0.023805179,0.014409925,0.0016053172392827093,升,True,70907,0.017151643,0.023171036,0.006019393,+0.9 +1.1 +1.6 +1.3 +1.6 +1.8 +1.8 +2.2 +2.3 +2.4
GTJA_Alpha94,-0.4251,0.011252907,-0.00064803805,-0.011900946,-0.0021746285601914137,降,True,70342,0.01688672,0.020915857,0.004029136,+1.1 +2.2 +2.9 +2.9 +2.5 +2.2 +1.4 +1.1 +0.6 -0.1
GTJA_Alpha1,0.5452,0.010431005,0.02211431,0.011683306,0.0011790539617791322,升,True,70920,0.01714557,0.021221537,0.004075967,+1.0 +1.3 +1.7 +1.6 +1.6 +1.5 +2.0 +1.8 +2.3 +2.2
单位股价_资本公积,0.4198,0.009621489,0.020721918,0.011100429,0.001388168047097596,升,True,69694,0.017105239,0.021424415,0.004319176,+1.0 +1.1 +1.4 +1.6 +1.6 +1.8 +2.2 +2.2 +2.2 +2.1
GTJA_Alpha36,-0.5949,0.024280068,0.013499447,-0.01078062,-0.0008253351418357906,降,True,70907,0.017152637,0.020354997,0.0032023601,+2.4 +1.5 +2.2 +1.5 +1.7 +2.0 +1.8 +1.4 +1.3 +1.3
Alpha#26,0.6587,0.011722327,0.022219308,0.0104969805,0.0010602519593455575,升,True,67938,0.016777558,0.020971362,0.0041938033,+1.2 +1.2 +1.2 +2.1 +1.8 +1.5 +1.5 +1.9 +2.2 +2.2
GTJA_Alpha64,0.6868,0.016072113,0.025614353,0.00954224,0.0010948172121336968,升,True,63068,0.021383397,0.025794035,0.0044106375,+1.6 +1.7 +1.6 +2.4 +2.3 +1.9 +2.1 +2.6 +2.6 +2.6
Alpha#15,0.7238,0.010992545,0.020251473,0.009258929,0.0011514637111262843,升,True,70905,0.01715359,0.020403752,0.0032501612,+1.1 +1.2 +1.5 +1.6 +1.7 +2.0 +2.0 +1.8 +2.3 +2.0
GTJA_Alpha118,-0.4982,0.02019444,0.01098047,-0.009213969,-0.0008019693703813985,降,True,70920,0.01714557,0.019545011,0.0023994409,+2.0 +1.9 +2.0 +1.8 +2.0 +1.6 +1.7 +1.6 +1.5 +1.1
VSUMP20,-0.577,0.010530909,0.0025174627,-0.008013446,-0.0006084581216176336,降,True,70920,0.01714557,0.017171847,2.6276335e-05,+1.1 +1.9 +2.2 +2.0 +2.0 +2.2 +1.8 +1.8 +1.8 +0.3
CORD5,-0.5527,0.020370336,0.013164632,-0.007205704,-0.0005823371875466718,降,True,70920,0.01714557,0.018630799,0.0014852285,+2.0 +1.9 +1.6 +1.7 +1.9 +2.0 +1.4 +1.6 +1.6 +1.3
QTLD20,0.4475,0.014637998,0.010136895,-0.0045011034,-0.0003048261401779719,降,False,70920,0.01714557,0.0164495,-0.0006960705,+1.5 +1.5 +2.0 +2.0 +1.8 +2.3 +1.6 +1.9 +1.5 +1.0
GTJA_Alpha140,0.6156,0.011378223,0.015788112,0.0044098888,9.112954139709342e-05,升,True,35441,0.01946058,0.016370911,-0.0030896682,+1.1 +2.2 +1.6 +2.9 +2.2 +2.7 +1.8 +1.7 +1.6
GTJA_Alpha130,0.4352,0.022131532,0.025991121,0.0038595889,0.0006230530413714321,升,True,67595,0.017605247,0.022345234,0.0047399867,+2.2 +1.9 +1.5 +1.2 +1.0 +1.1 +2.1 +2.1 +2.0 +2.6
Alpha#2,0.4845,0.019141356,0.02289519,0.0037538353,0.0003160950360876138,升,True,70920,0.01714557,0.020125367,0.0029797964,+1.9 +1.9 +1.5 +1.5 +1.5 +1.3 +1.5 +1.8 +2.0 +2.3
WVMA20,-0.5546,0.01683219,0.017354269,0.00052207895,0.00013185282322493485,升,False,70920,0.01714557,0.017297847,0.00015227683,+1.7 +1.6 +1.6 +1.9 +1.6 +1.7 +1.9 +1.8 +1.6 +1.7
